{
    "jQueryUIWidgets": {
        "name": "jQuery UI Widgets",
        "description": "A collection of the jQuery UI widgets used by Infusion, including Dialog, Draggable, and Slider.",
        "files": [
            "./js/jquery.ui.draggable.js",
            "./js/jquery.ui.resizable.js",
            "./js/jquery.ui.button.js",
            "./js/jquery.ui.dialog.js",
            "./js/jquery.ui.slider.js",
            "./js/jquery.ui.tabs.js",
            "./js/jquery.ui.tooltip.js"
        ],
        "dependencies": [
            "jQuery",
            "jQueryUICore"
        ]
    }
}